{
  "base": {
    "chainId": 8453,
    "protocols": {
      "uniswapV3": {
        "factory": "0x33128a8fC17869897dcE68Ed026d694621f6FDfD",
        "router": "0x2626664c2603336E57B271c5C0b26F421741e481",
        "quoterV2": "0x3d4e44Eb1374240CE5F1B871ab261CD16335B76a",
        "positionManager": "0x03a520b32C04BF3bEEf7BEb72E919cf822Ed34f1"
      },
      "uniswapV4": {
        "poolManager": "0x498581fF718922c3f8e6A244956aF099B2652b2b",
        "positionManager": "0x7C5f5A4bBd8fD63184577525326123B519429bDc",
        "quoter": "0x0d5e0f971ed27fbff6c2837bf31316121532048d",
        "stateView": "0xa3c0c9b65bad0b08107aa264b0f3db444b867a71"
      },
      "aerodrome": {
        "router": "0xcF77a3Ba9A5CA399B7c97c74d54e5b1Beb874E43",
        "factory": "0x420DD381b31aEf6683db6B902084cB0FFECe40Da",
        "voter": "0x16613524e02ad97eDfeF371bC883F2F5d6C480A5"
      },
      "aaveV3": {
        "pool": "0xA238Dd80C259a72e81d7e4664a9801593F98d1c5",
        "poolDataProvider": "0x2d8A3C5677189723C4cB8873CfC9C8976FDF38Ac",
        "oracle": "0x2Cc0Fc26eD4563A5ce5e8bdcfe1A2878676Ae156"
      },
      "moonwell": {
        "comptroller": "0xfBb21d0380beE3312B33c4353c8936a0F13EF26C",
        "mWETH": "0x628ff693426583D9a7FB391E54366292F509D457",
        "mUSDbC": "0x703843C3379b52F9FF486c9f5892218d2a065cC8",
        "mDAI": "0x73b06D8d18De422E269645eaCe15400DE7462417",
        "mwstETH": "0x627Fe393Bc6EdDA28e99AE648fD6fF362514304b",
        "mCbETH": "0x3bf93770f2d4a794c3d9EBEfBAeBAE2a8f09A5E5",
        "flagshipETH": "0xa0E430870c4604CcfC7B38Ca7845B1FF653D0ff1",
        "flagshipUSDC": "0xc1256Ae5FF1cf2719D4937adb3bbCCab2E00A2Ca"
      },
      "morpho": {
        "morphoBlue": "0xBBBBBbbBBb9cC5e90e3b3Af64bdAF62C37EEFFCb"
      },
      "chainlink": {
        "ETH_USD": "0x71041dddad3595F9CEd3DcCFBe3D1F4b0a16Bb70",
        "USDC_USD": "0x7e860098F58bBFC8648a4311b374B1D669a2bc6B",
        "cbETH_USD": "0xd7818272B9e248357d13057AAb0B417aF31E817d"
      },
      "permit2": { "permit2": "0x000000000022D473030F116dDEE9F6B43aC78BA3" },
      "universalRouter": { "router": "0x3fC91A3afd70395Cd496C647d5a6CC9D4B2b7FAD" },
      "multicall": { "multicall3": "0xcA11bde05977b3631167028862bE2a173976CA11" },
      "safe": {
        "proxyFactory": "0xa6B71E26C5e0845f74c812102Ca7114b6a896AB2",
        "singleton": "0xd9Db270c1B5E3Bd161E8c8503c55cEABeE709552"
      },
      "entryPoint": {
        "v06": "0x5FF137D4b0FDCD49DcA30c7CF57E578a026d2789",
        "v07": "0x0000000071727De22E5E9d8BAf0edAc6f37da032"
      }
    }
  },
  "mainnet": {
    "chainId": 1,
    "protocols": {
      "uniswapV2": {
        "factory": "0x5C69bEe701ef814a2B6a3EDD4B1652CB9cc5aA6f",
        "router": "0x7a250d5630B4cF539739dF2C5dAcb4c659F2488D"
      },
      "uniswapV3": {
        "factory": "0x1F98431c8aD98523631AE4a59f267346ea31F984",
        "router": "0xE592427A0AEce92De3Edee1F18E0157C05861564",
        "router02": "0x68b3465833fb72A70ecDF485E0e4C7bD8665Fc45",
        "quoterV2": "0x61fFE014bA17989E743c5F6cB21bF9697530B21e",
        "positionManager": "0xC36442b4a4522E871399CD717aBDD847Ab11FE88"
      },
      "uniswapV4": {
        "poolManager": "0x000000000004444c5dc75cB358380D2e3dE08A90",
        "positionManager": "0x4529a01c7a0410167c5740c487a8de60232617bf",
        "quoter": "0x333e3c607b141b18ff6de9f258db6e77fe7491e0"
      },
      "sushiswap": {
        "factory": "0xC0AEe478e3658e2610c5F7A4A2E1777cE9e4f2Ac",
        "router": "0xd9e1cE17f2641f24aE83637ab66a2cca9C378B9F"
      },
      "aaveV3": {
        "pool": "0x87870Bca3F3fD6335C3F4ce8392D69350B4fA4E2",
        "poolDataProvider": "0x7B4EB56E7CD4b454BA8ff71E4518426369a138a3",
        "oracle": "0x54586bE62E3c3580375aE3723C145253060Ca0C2"
      },
      "compoundV3": {
        "cUSDCv3": "0xc3d688B66703497DAA19211EEdff47f25384cdc3",
        "cWETHv3": "0xA17581A9E3356d9A858b789D68B4d866e593aE94",
        "rewards": "0x1B0e765F6224C21223AeA2af16c1C46E38885a40"
      },
      "curve": {
        "addressProvider": "0x0000000022D53366457F9d5E68Ec105046FC4383",
        "triCrypto2": "0xD51a44d3FaE010294C616388b506AcdA1bfAAE46",
        "stETHPool": "0xDC24316b9AE028F1497c275EB9192a3Ea0f67022"
      },
      "lido": {
        "stETH": "0xae7ab96520DE3A18E5e111B5EaAb095312D7fE84",
        "wstETH": "0x7f39C581F595B53c5cb19bD0b3f8dA6c935E2Ca0",
        "withdrawalQueue": "0x889edC2eDab5f40e902b864aD4d7AdE8E412F9B1"
      },
      "chainlink": {
        "ETH_USD": "0x5f4eC3Df9cbd43714FE2740f5E3616155c5b8419",
        "BTC_USD": "0xF4030086522a5bEEa4988F8cA5B36dbC97BeE88c",
        "USDC_USD": "0x8fFfFfd4AfB6115b954Bd326cbe7B4BA576818f6",
        "DAI_USD": "0xAed0c38402a5d19df6E4c03F4E2DceD6e29c1ee9",
        "LINK_USD": "0x2c1d072e956AFFC0D435Cb7AC38EF18d24d9127c"
      },
      "ens": {
        "registry": "0x00000000000C2E074eC69A0dFb2997BA6C7d2e1e",
        "resolver": "0x231b0Ee14048e9dCcD1d247744d114a4EB5E8E63"
      },
      "morphoBlue": {
        "morpho": "0xBBBBBbbBBb9cC5e90e3b3Af64bdAF62C37EEFFCb",
        "bundler": "0x4095F064B8d3c3548A3bebfd0Bbfd04750E30077"
      },
      "eigenLayer": {
        "strategyManager": "0x858646372CC42E1A627fcE94aa7A7033e7CF075A",
        "delegationManager": "0x39053D51B77DC0d36036Fc1fCc8Cb819df8Ef37A",
        "eigenPodManager": "0x91E677b07F7AF907ec9a428aafA9fc14a0d3A338",
        "stETHStrategy": "0x93c4b944D05dfe6df7645A86cd2206016c51564D"
      },
      "etherfi": {
        "liquidityPool": "0x308861A430be4cce5502d0A12724771Fc6DaF216",
        "eETH": "0x35fA164735182de50811E8e2E824cFb9B6118ac2",
        "weETH": "0xCd5fE23C85820F7B72D0926FC9b05b43E359b7ee",
        "withdrawRequestNFT": "0x7d5706f6ef3F89B3951E23e557CDFBC3239D4E2c"
      },
      "ethena": {
        "USDe": "0x4c9EDD5852cd905f086C759E8383e09bff1E68B3",
        "sUSDe": "0x9D39A5DE30e57443BfF2A8307A4256c8797A3497",
        "stakingRewards": "0x8707f238936c12c309bfc2B9959C35828AcFc512"
      },
      "permit2": { "permit2": "0x000000000022D473030F116dDEE9F6B43aC78BA3" },
      "universalRouter": { "router": "0x3fC91A3afd70395Cd496C647d5a6CC9D4B2b7FAD" },
      "multicall": { "multicall3": "0xcA11bde05977b3631167028862bE2a173976CA11" },
      "safe": {
        "proxyFactory": "0xa6B71E26C5e0845f74c812102Ca7114b6a896AB2",
        "singleton": "0xd9Db270c1B5E3Bd161E8c8503c55cEABeE709552",
        "fallbackHandler": "0xf48f2B2d2a534e402487b3ee7C18c33Aec0Fe5e4"
      },
      "entryPoint": {
        "v06": "0x5FF137D4b0FDCD49DcA30c7CF57E578a026d2789",
        "v07": "0x0000000071727De22E5E9d8BAf0edAc6f37da032"
      }
    }
  },
  "arbitrum": {
    "chainId": 42161,
    "protocols": {
      "uniswapV3": {
        "factory": "0x1F98431c8aD98523631AE4a59f267346ea31F984",
        "router": "0xE592427A0AEce92De3Edee1F18E0157C05861564",
        "router02": "0x68b3465833fb72A70ecDF485E0e4C7bD8665Fc45",
        "quoterV2": "0x61fFE014bA17989E743c5F6cB21bF9697530B21e",
        "positionManager": "0xC36442b4a4522E871399CD717aBDD847Ab11FE88"
      },
      "uniswapV4": {
        "poolManager": "0x360e68faccca8ca495c1b759fd9eee466db9fb32",
        "positionManager": "0x3c3ea4b57a46241e54610e5f022e5c45859a1017",
        "quoter": "0x1f3131a13296fb91c90870043742c3cdbff1a8d7"
      },
      "camelot": {
        "router": "0xc873fEcbd354f5A56E00E710B90EF4201db2448d",
        "factory": "0x6EcCab422D763aC031210895C81787E87B43A652"
      },
      "aaveV3": {
        "pool": "0x794a61358D6845594F94dc1DB02A252b5b4814aD",
        "poolDataProvider": "0x69FA688f1Dc47d4B5d8029D5a35FB7a548310654",
        "oracle": "0xb56c2F0B653B2e0b10C9b928C8580Ac5Df02C7C7"
      },
      "gmx": {
        "vault": "0x489ee077994B6658eAfA855C308275EAd8097C4A",
        "router": "0xaBBc5F99639c9B6bCb58544ddf04EFA6802F4064",
        "positionRouter": "0xb87a436B93fFE9D75c5cFA7bAcFff96430b09868",
        "glp": "0x4277f8F2c384827B5273592FF7CeBd9f2C1ac258",
        "glpManager": "0x321F653eED006AD1C29D174e17d96351BDe22649"
      },
      "chainlink": {
        "ETH_USD": "0x639Fe6ab55C921f74e7fac1ee960C0B6293ba612",
        "BTC_USD": "0x6ce185860a4963106506C203335A2910DCDDB8DB",
        "USDC_USD": "0x50834F3163758fcC1Df9973b6e91f0F0F0434aD3",
        "ARB_USD": "0xb2A824043730FE05F3DA2efaFa1CBbe83fa548D6"
      },
      "pendle": {
        "router": "0x00000000005BBB0EF59571E58418F9a4357b68A0",
        "routerStatic": "0xAdB09F65bd90d19e3148D9ccb693F3161C6DB3E8",
        "ptOracle": "0x1Fd95db7B7C0067De8D45C0cb35D59796adfD187"
      },
      "permit2": { "permit2": "0x000000000022D473030F116dDEE9F6B43aC78BA3" },
      "universalRouter": { "router": "0x3fC91A3afd70395Cd496C647d5a6CC9D4B2b7FAD" },
      "multicall": { "multicall3": "0xcA11bde05977b3631167028862bE2a173976CA11" },
      "safe": {
        "proxyFactory": "0xa6B71E26C5e0845f74c812102Ca7114b6a896AB2",
        "singleton": "0xd9Db270c1B5E3Bd161E8c8503c55cEABeE709552"
      },
      "entryPoint": {
        "v06": "0x5FF137D4b0FDCD49DcA30c7CF57E578a026d2789",
        "v07": "0x0000000071727De22E5E9d8BAf0edAc6f37da032"
      }
    }
  },
  "optimism": {
    "chainId": 10,
    "protocols": {
      "uniswapV3": {
        "factory": "0x1F98431c8aD98523631AE4a59f267346ea31F984",
        "router": "0xE592427A0AEce92De3Edee1F18E0157C05861564",
        "quoterV2": "0x61fFE014bA17989E743c5F6cB21bF9697530B21e",
        "positionManager": "0xC36442b4a4522E871399CD717aBDD847Ab11FE88"
      },
      "velodrome": {
        "router": "0xa062aE8A9c5e11aaA026fc2670B0D65cCc8B2858",
        "factory": "0xF1046053aa5682b4F9a81b5481394DA16BE5FF5a"
      },
      "aaveV3": {
        "pool": "0x794a61358D6845594F94dc1DB02A252b5b4814aD",
        "poolDataProvider": "0x69FA688f1Dc47d4B5d8029D5a35FB7a548310654",
        "oracle": "0xD81eb3728a631871a7eBBaD631b5f424909f0c77"
      },
      "chainlink": {
        "ETH_USD": "0x13e3Ee699D1909E989722E753853AE30b17e08c5",
        "BTC_USD": "0xD702DD976Fb76Fffc2D3963D037dfDae5b04E593",
        "USDC_USD": "0x16a9FA2FDa030272Ce99B29CF780dFA30361E0f3",
        "OP_USD": "0x0D276FC14719f9292D5C1eA2198673d1f4269246"
      },
      "permit2": { "permit2": "0x000000000022D473030F116dDEE9F6B43aC78BA3" },
      "universalRouter": { "router": "0x3fC91A3afd70395Cd496C647d5a6CC9D4B2b7FAD" },
      "multicall": { "multicall3": "0xcA11bde05977b3631167028862bE2a173976CA11" },
      "safe": {
        "proxyFactory": "0xa6B71E26C5e0845f74c812102Ca7114b6a896AB2",
        "singleton": "0xd9Db270c1B5E3Bd161E8c8503c55cEABeE709552"
      },
      "entryPoint": {
        "v06": "0x5FF137D4b0FDCD49DcA30c7CF57E578a026d2789",
        "v07": "0x0000000071727De22E5E9d8BAf0edAc6f37da032"
      }
    }
  },
  "polygon": {
    "chainId": 137,
    "protocols": {
      "uniswapV3": {
        "factory": "0x1F98431c8aD98523631AE4a59f267346ea31F984",
        "router": "0xE592427A0AEce92De3Edee1F18E0157C05861564",
        "quoterV2": "0x61fFE014bA17989E743c5F6cB21bF9697530B21e",
        "positionManager": "0xC36442b4a4522E871399CD717aBDD847Ab11FE88"
      },
      "quickswap": {
        "factory": "0x5757371414417b8C6CAad45bAeF941aBc7d3Ab32",
        "router": "0xa5E0829CaCEd8fFDD4De3c43696c57F7D7A678ff"
      },
      "aaveV3": {
        "pool": "0x794a61358D6845594F94dc1DB02A252b5b4814aD",
        "poolDataProvider": "0x69FA688f1Dc47d4B5d8029D5a35FB7a548310654",
        "oracle": "0xb023e699F5a33916Ea823A16485e259257cA8Bd1"
      },
      "chainlink": {
        "ETH_USD": "0xF9680D99D6C9589e2a93a78A04A279e509205945",
        "MATIC_USD": "0xAB594600376Ec9fD91F8e885dADF0CE036862dE0",
        "USDC_USD": "0xfE4A8cc5b5B2366C1B58Bea3858e81843581b2F7",
        "BTC_USD": "0xc907E116054Ad103354f2D350FD2514433D57F6f"
      },
      "permit2": { "permit2": "0x000000000022D473030F116dDEE9F6B43aC78BA3" },
      "universalRouter": { "router": "0x3fC91A3afd70395Cd496C647d5a6CC9D4B2b7FAD" },
      "multicall": { "multicall3": "0xcA11bde05977b3631167028862bE2a173976CA11" },
      "safe": {
        "proxyFactory": "0xa6B71E26C5e0845f74c812102Ca7114b6a896AB2",
        "singleton": "0xd9Db270c1B5E3Bd161E8c8503c55cEABeE709552"
      },
      "entryPoint": {
        "v06": "0x5FF137D4b0FDCD49DcA30c7CF57E578a026d2789",
        "v07": "0x0000000071727De22E5E9d8BAf0edAc6f37da032"
      }
    }
  }
}
