{
  "base": {
    "chainId": 8453,
    "tokens": {
      "WETH": { "address": "0x4200000000000000000000000000000000000006", "decimals": 18, "name": "Wrapped Ether" },
      "USDC": { "address": "0x833589fCD6eDb6E08f4c7C32D4f71b54bdA02913", "decimals": 6, "name": "USD Coin" },
      "USDbC": { "address": "0xd9aAEc86B65D86f6A7B5B1b0c42FFA531710b6CA", "decimals": 6, "name": "Bridged USDC (Base)" },
      "DAI": { "address": "0x50c5725949A6F0c72E6C4a641F24049A917DB0Cb", "decimals": 18, "name": "Dai Stablecoin" },
      "cbETH": { "address": "0x2Ae3F1Ec7F1F5012CFEab0185bfc7aa3cf0DEc22", "decimals": 18, "name": "Coinbase Staked ETH" },
      "wstETH": { "address": "0xc1CBa3fCea344f92D9239c08C0568f6F2F0ee452", "decimals": 18, "name": "Wrapped stETH" },
      "rETH": { "address": "0xB6fe221Fe9EeF5aBa221c348bA20A1Bf5e73624c", "decimals": 18, "name": "Rocket Pool ETH" },
      "AERO": { "address": "0x940181a94A35A4569E4529A3CDfB74e38FD98631", "decimals": 18, "name": "Aerodrome" },
      "weETH": { "address": "0x04C0599Ae5A44757c0af6F9eC3b93da8976c150A", "decimals": 18, "name": "Wrapped eETH (Ether.fi)" },
      "ezETH": { "address": "0x2416092f143378750bb29b79eD961ab195CcEea5", "decimals": 18, "name": "Renzo ezETH" },
      "rsETH": { "address": "0x1Bc71130A0e39942a7658878169764Ee8CE71aB0", "decimals": 18, "name": "KelpDAO Restaked ETH" }
    }
  },
  "mainnet": {
    "chainId": 1,
    "tokens": {
      "WETH": { "address": "0xC02aaA39b223FE8D0A0e5C4F27eAD9083C756Cc2", "decimals": 18, "name": "Wrapped Ether" },
      "USDC": { "address": "0xA0b86991c6218b36c1d19D4a2e9Eb0cE3606eB48", "decimals": 6, "name": "USD Coin" },
      "USDT": { "address": "0xdAC17F958D2ee523a2206206994597C13D831ec7", "decimals": 6, "name": "Tether USD" },
      "DAI": { "address": "0x6B175474E89094C44Da98b954EesdeB6ef1D7C", "decimals": 18, "name": "Dai Stablecoin" },
      "WBTC": { "address": "0x2260FAC5E5542a773Aa44fBCfeDf7C193bc2C599", "decimals": 8, "name": "Wrapped BTC" },
      "stETH": { "address": "0xae7ab96520DE3A18E5e111B5EaAb095312D7fE84", "decimals": 18, "name": "Lido Staked ETH" },
      "wstETH": { "address": "0x7f39C581F595B53c5cb19bD0b3f8dA6c935E2Ca0", "decimals": 18, "name": "Wrapped stETH" },
      "rETH": { "address": "0xae78736Cd615f374D3085123A210448E74Fc6393", "decimals": 18, "name": "Rocket Pool ETH" },
      "cbETH": { "address": "0xBe9895146f7AF43049ca1c1AE358B0541Ea49704", "decimals": 18, "name": "Coinbase Staked ETH" },
      "LINK": { "address": "0x514910771AF9Ca656af840dff83E8264EcF986CA", "decimals": 18, "name": "ChainLink Token" },
      "UNI": { "address": "0x1f9840a85d5aF5bf1D1762F925BDADdC4201F984", "decimals": 18, "name": "Uniswap" },
      "AAVE": { "address": "0x7Fc66500c84A76Ad7e9c93437bFc5Ac33E2DDaE9", "decimals": 18, "name": "Aave Token" },
      "CRV": { "address": "0xD533a949740bb3306d119CC777fa900bA034cd52", "decimals": 18, "name": "Curve DAO Token" },
      "CVX": { "address": "0x4e3FBD56CD56c3e72c1403e103b45Db9da5B9D2B", "decimals": 18, "name": "Convex Token" },
      "weETH": { "address": "0xCd5fE23C85820F7B72D0926FC9b05b43E359b7ee", "decimals": 18, "name": "Wrapped eETH (Ether.fi)" },
      "rsETH": { "address": "0xA1290d69c65A6Fe4DF752f95823fae25cB99e5A7", "decimals": 18, "name": "KelpDAO Restaked ETH" },
      "swETH": { "address": "0xf951E335afb289353dc249e82926178EaC7DEd78", "decimals": 18, "name": "Swell ETH" },
      "ezETH": { "address": "0xbf5495Efe5DB9ce00f80364C8B423567e58d2110", "decimals": 18, "name": "Renzo ezETH" },
      "sDAI": { "address": "0x83F20F44975D03b1b09e64809B757c47f942BEeA", "decimals": 18, "name": "Savings DAI" },
      "sUSDe": { "address": "0x9D39A5DE30e57443BfF2A8307A4256c8797A3497", "decimals": 18, "name": "Staked USDe (Ethena)" },
      "USDe": { "address": "0x4c9EDD5852cd905f086C759E8383e09bff1E68B3", "decimals": 18, "name": "USDe (Ethena)" }
    }
  },
  "arbitrum": {
    "chainId": 42161,
    "tokens": {
      "WETH": { "address": "0x82aF49447D8a07e3bd95BD0d56f35241523fBab1", "decimals": 18, "name": "Wrapped Ether" },
      "USDC": { "address": "0xaf88d065e77c8cC2239327C5EDb3A432268e5831", "decimals": 6, "name": "USD Coin" },
      "USDC.e": { "address": "0xFF970A61A04b1cA14834A43f5dE4533eBDDB5CC8", "decimals": 6, "name": "Bridged USDC" },
      "USDT": { "address": "0xFd086bC7CD5C481DCC9C85ebE478A1C0b69FCbb9", "decimals": 6, "name": "Tether USD" },
      "DAI": { "address": "0xDA10009cBd5D07dd0CeCc66161FC93D7c9000da1", "decimals": 18, "name": "Dai Stablecoin" },
      "WBTC": { "address": "0x2f2a2543B76A4166549F7aaB2e75Bef0aefC5B0f", "decimals": 8, "name": "Wrapped BTC" },
      "wstETH": { "address": "0x5979D7b546E38E414F7E9822514be443A4800529", "decimals": 18, "name": "Wrapped stETH" },
      "rETH": { "address": "0xEC70Dcb4A1EFa46b8F2D97C310C9c4790ba5ffA8", "decimals": 18, "name": "Rocket Pool ETH" },
      "ARB": { "address": "0x912CE59144191C1204E64559FE8253a0e49E6548", "decimals": 18, "name": "Arbitrum" },
      "GMX": { "address": "0xfc5A1A6EB076a2C7aD06eD22C90d7E710E35ad0a", "decimals": 18, "name": "GMX" },
      "weETH": { "address": "0x35751007a407ca6FEFfE80b3cB397736D2cf4dbe", "decimals": 18, "name": "Wrapped eETH (Ether.fi)" },
      "ezETH": { "address": "0x2416092f143378750bb29b79eD961ab195CcEea5", "decimals": 18, "name": "Renzo ezETH" },
      "rsETH": { "address": "0x4186BFC76E2E237523CBC30FD220FE055156b41F", "decimals": 18, "name": "KelpDAO Restaked ETH" },
      "PENDLE": { "address": "0x0c880f6761F1af8d9Aa9C466984b80DAb9a8c9e8", "decimals": 18, "name": "Pendle" }
    }
  },
  "optimism": {
    "chainId": 10,
    "tokens": {
      "WETH": { "address": "0x4200000000000000000000000000000000000006", "decimals": 18, "name": "Wrapped Ether" },
      "USDC": { "address": "0x0b2C639c533813f4Aa9D7837CAf62653d097Ff85", "decimals": 6, "name": "USD Coin" },
      "USDC.e": { "address": "0x7F5c764cBc14f9669B88837ca1490cCa17c31607", "decimals": 6, "name": "Bridged USDC" },
      "USDT": { "address": "0x94b008aA00579c1307B0EF2c499aD98a8ce58e58", "decimals": 6, "name": "Tether USD" },
      "DAI": { "address": "0xDA10009cBd5D07dd0CeCc66161FC93D7c9000da1", "decimals": 18, "name": "Dai Stablecoin" },
      "WBTC": { "address": "0x68f180fcCe6836688e9084f035309E29Bf0A2095", "decimals": 8, "name": "Wrapped BTC" },
      "wstETH": { "address": "0x1F32b1c2345538c0c6f582fCB022739c4A194Ebb", "decimals": 18, "name": "Wrapped stETH" },
      "rETH": { "address": "0x9Bcef72be871e61ED4fBbc7630889beE758eb81D", "decimals": 18, "name": "Rocket Pool ETH" },
      "OP": { "address": "0x4200000000000000000000000000000000000042", "decimals": 18, "name": "Optimism" },
      "VELO": { "address": "0x9560e827aF36c94D2Ac33a39bCE1Fe78631088Db", "decimals": 18, "name": "Velodrome" },
      "weETH": { "address": "0x5A7fACB970D094B6C7FF1df0eA68D99E6e73CBFF", "decimals": 18, "name": "Wrapped eETH (Ether.fi)" },
      "ezETH": { "address": "0x2416092f143378750bb29b79eD961ab195CcEea5", "decimals": 18, "name": "Renzo ezETH" }
    }
  },
  "polygon": {
    "chainId": 137,
    "tokens": {
      "WETH": { "address": "0x7ceB23fD6bC0adD59E62ac25578270cFf1b9f619", "decimals": 18, "name": "Wrapped Ether" },
      "WMATIC": { "address": "0x0d500B1d8E8eF31E21C99d1Db9A6444d3ADf1270", "decimals": 18, "name": "Wrapped Matic" },
      "USDC": { "address": "0x3c499c542cEF5E3811e1192ce70d8cC03d5c3359", "decimals": 6, "name": "USD Coin" },
      "USDC.e": { "address": "0x2791Bca1f2de4661ED88A30C99A7a9449Aa84174", "decimals": 6, "name": "Bridged USDC" },
      "USDT": { "address": "0xc2132D05D31c914a87C6611C10748AEb04B58e8F", "decimals": 6, "name": "Tether USD" },
      "DAI": { "address": "0x8f3Cf7ad23Cd3CaDbD9735AFf958023239c6A063", "decimals": 18, "name": "Dai Stablecoin" },
      "WBTC": { "address": "0x1BFD67037B42Cf73acF2047067bd4F2C47D9BfD6", "decimals": 8, "name": "Wrapped BTC" },
      "wstETH": { "address": "0x03b54A6e9a984069379fae1a4fC4dBAE93B3bCCD", "decimals": 18, "name": "Wrapped stETH" },
      "stMATIC": { "address": "0x3A58a54C066FdC0f2D55FC9C89F0415C92eBf3C4", "decimals": 18, "name": "Staked MATIC" },
      "AAVE": { "address": "0xD6DF932A45C0f255f85145f286eA0b292B21C90B", "decimals": 18, "name": "Aave Token" },
      "LINK": { "address": "0x53E0bca35eC356BD5ddDFebbD1Fc0fD03FaBad39", "decimals": 18, "name": "ChainLink Token" }
    }
  }
}
